robot_name,robot_state,robot_destination,intersection_start_time,intersection_finish_time,intersection_id,energy_consumption_intersection,queueing_robot
robot-12,taking_pod,"(20,22)",1.4999999999999998,2.5499999999999994,intersection-31,0.00046124999999999996,1
robot-2,taking_pod,"(20,1)",0,4.35,intersection-7,0.00046124999999999996,1
robot-9,taking_pod,"(11,20)",9.00000000000001,9.600000000000012,intersection-37,0.0005793749999999999,0
robot-10,taking_pod,"(10,25)",11.400000000000016,12.300000000000018,intersection-49,0.0006093750000000001,0
robot-12,taking_pod,"(20,22)",13.350000000000021,14.250000000000023,intersection-43,0.0006093750000000001,0
