robot_name,robot_state,robot_destination,intersection_start_time,intersection_finish_time,intersection_id,energy_consumption_intersection,queueing_robot
robot-7,taking_pod,"(20,25)",6.750000000000005,7.500000000000007,intersection-55,0.0006749999999999999,0
robot-11,delivering_pod,"(4,9)",16.950000000000017,25.799999999999933,intersection-37,0.003962499999999999,0
robot-4,taking_pod,"(20,5)",29.549999999999898,30.29999999999989,intersection-7,0.0006749999999999999,2
robot-20,taking_pod,"(12,19)",34.199999999999854,34.94999999999985,intersection-37,0.0008924999999999998,0
robot-3,delivering_pod,"(4,15)",34.49999999999985,43.34999999999977,intersection-13,0.003962499999999999,0
robot-3,delivering_pod,"(4,15)",43.34999999999977,48.29999999999972,intersection-7,0.0021943749999999997,3
robot-20,delivering_pod,"(4,21)",41.549999999999784,53.39999999999967,intersection-37,0.0031668749999999974,0
