robot_name,robot_state,robot_destination,intersection_start_time,intersection_finish_time,intersection_id,energy_consumption_intersection,queueing_robot
robot-20,taking_pod,"(10,10)",1.9499999999999995,4.800000000000001,intersection-19,0.0005099999999999999,1
robot-10,taking_pod,"(19,16)",6.450000000000005,7.050000000000006,intersection-31,0.0006693749999999998,0
robot-7,taking_pod,"(19,26)",11.700000000000017,12.60000000000002,intersection-55,0.000609375,0
robot-16,taking_pod,"(20,22)",13.800000000000022,17.100000000000016,intersection-43,0.00063,1
robot-10,delivering_pod,"(4,21)",14.400000000000023,20.399999999999984,intersection-31,0.004567499999999999,0
robot-15,taking_pod,"(14,23)",26.24999999999993,27.14999999999992,intersection-43,0.0005981250000000001,0
robot-17,delivering_pod,"(4,21)",20.249999999999986,27.749999999999915,intersection-49,0.002188125,0
robot-16,delivering_pod,"(4,21)",23.699999999999953,30.599999999999888,intersection-43,0.005231250000000001,1
