robot_name,robot_state,robot_destination,intersection_start_time,intersection_finish_time,intersection_id,energy_consumption_intersection,queueing_robot
robot-2,taking_pod,"(17,28)",4.199999999999999,4.800000000000001,intersection-55,0.0005793749999999999,0
robot-13,taking_pod,"(11,20)",2.5499999999999994,6.600000000000005,intersection-31,0.001666875,0
robot-4,taking_pod,"(20,7)",7.050000000000006,7.800000000000008,intersection-7,0.0008287499999999998,0
robot-14,taking_pod,"(11,1)",7.800000000000008,8.40000000000001,intersection-1,0.0006693749999999998,0
robot-13,taking_pod,"(11,20)",13.500000000000021,14.250000000000023,intersection-37,0.0007337499999999999,0
robot-2,delivering_pod,"(4,15)",10.800000000000015,15.450000000000026,intersection-55,0.0025593749999999996,1
robot-10,delivering_pod,"(4,15)",11.100000000000016,17.400000000000013,intersection-55,0.005429999999999998,1
robot-5,delivering_pod,"(4,21)",9.750000000000012,18.6,intersection-13,0.003962499999999999,0
robot-14,delivering_pod,"(4,15)",15.900000000000027,21.89999999999997,intersection-1,0.004567499999999999,0
