robot_name,robot_state,robot_destination,intersection_start_time,intersection_finish_time,intersection_id,energy_consumption_intersection,queueing_robot
robot-14,taking_pod,"(24,28)",1.4999999999999998,2.5499999999999994,intersection-43,0.00046124999999999996,1
robot-19,taking_pod,"(11,20)",0.75,3.5999999999999988,intersection-37,0.0005099999999999999,1
robot-6,taking_pod,"(12,8)",7.200000000000006,7.950000000000008,intersection-13,0.0006749999999999999,0
robot-8,taking_pod,"(20,13)",11.250000000000016,12.000000000000018,intersection-31,0.0007337499999999999,0
