robot_name,robot_state,robot_destination,intersection_start_time,intersection_finish_time,intersection_id,energy_consumption_intersection,queueing_robot
robot-1,taking_pod,"(17,22)",0.44999999999999996,3.299999999999999,intersection-37,0.0005099999999999999,1
robot-1,taking_pod,"(17,22)",3.299999999999999,4.049999999999999,intersection-31,0.0006749999999999999,3
robot-13,taking_pod,"(23,13)",0.3,4.65,intersection-31,0.00046124999999999996,2
robot-11,taking_pod,"(19,29)",4.5,5.100000000000001,intersection-61,0.0006693749999999998,1
robot-20,taking_pod,"(22,13)",3.449999999999999,5.100000000000001,intersection-31,0.001465,1
robot-11,taking_pod,"(19,29)",5.100000000000001,5.850000000000003,intersection-55,0.0008924999999999998,1
robot-11,taking_pod,"(19,29)",5.850000000000003,6.450000000000005,intersection-61,0.0006693749999999998,1
