robot_name,robot_state,robot_destination,intersection_start_time,intersection_finish_time,intersection_id,energy_consumption_intersection,queueing_robot
robot-19,taking_pod,"(18,22)",0.75,6.900000000000006,intersection-43,0.001164375,1
robot-9,taking_pod,"(14,7)",10.350000000000014,11.250000000000016,intersection-13,0.000609375,0
robot-8,taking_pod,"(11,20)",12.450000000000019,16.50000000000002,intersection-49,0.0015131250000000001,0
robot-19,delivering_pod,"(4,9)",13.500000000000021,18.9,intersection-43,0.0036749999999999986,1
robot-9,delivering_pod,"(4,9)",16.350000000000023,20.399999999999984,intersection-13,0.001666875,0
robot-7,taking_pod,"(12,2)",22.79999999999996,23.549999999999955,intersection-1,0.0008287499999999998,0
robot-12,taking_pod,"(12,8)",24.749999999999943,25.349999999999937,intersection-13,0.0006693749999999998,0
robot-2,delivering_pod,"(4,15)",28.799999999999905,32.849999999999866,intersection-7,0.00580125,2
robot-4,taking_pod,"(13,4)",38.54999999999981,39.449999999999804,intersection-7,0.000598125,1
