robot_name,robot_state,robot_destination,intersection_start_time,intersection_finish_time,intersection_id,energy_consumption_intersection,queueing_robot
robot-18,taking_pod,"(17,2)",4.5,8.55000000000001,intersection-19,0.001666875,0
robot-18,taking_pod,"(17,2)",8.55000000000001,10.500000000000014,intersection-13,0.0026774999999999993,1
robot-20,taking_pod,"(24,5)",7.6500000000000075,11.700000000000017,intersection-1,0.00580125,1
robot-10,taking_pod,"(19,29)",10.800000000000015,15.000000000000025,intersection-55,0.00135,1
robot-5,delivering_pod,"(4,9)",11.700000000000017,16.350000000000023,intersection-43,0.0025593749999999996,0
robot-18,taking_pod,"(17,2)",10.500000000000014,18.6,intersection-7,0.002803124999999999,1
robot-17,taking_pod,"(18,13)",21.149999999999977,21.74999999999997,intersection-25,0.0006693749999999998,0
