robot_name,robot_state,robot_destination,intersection_start_time,intersection_finish_time,intersection_id,energy_consumption_intersection,queueing_robot
robot-20,taking_pod,"(11,20)",0.9,3.7499999999999987,intersection-43,0.0005099999999999999,1
robot-8,taking_pod,"(18,16)",1.7999999999999996,6.150000000000004,intersection-55,0.0005099999999999999,1
robot-15,taking_pod,"(12,19)",7.200000000000006,7.800000000000008,intersection-49,0.0006693749999999998,0
robot-8,taking_pod,"(18,16)",9.450000000000012,10.200000000000014,intersection-43,0.0008924999999999998,0
robot-8,delivering_pod,"(4,9)",16.350000000000023,21.74999999999997,intersection-31,0.0036749999999999986,0
robot-15,delivering_pod,"(4,15)",13.950000000000022,22.04999999999997,intersection-37,0.002975624999999998,0
robot-9,delivering_pod,"(4,9)",16.950000000000017,24.449999999999946,intersection-19,0.002188125,0
robot-19,delivering_pod,"(4,9)",20.249999999999986,29.099999999999902,intersection-13,0.003962499999999999,0
