robot_name,robot_state,robot_destination,intersection_start_time,intersection_finish_time,intersection_id,energy_consumption_intersection,queueing_robot
robot-14,taking_pod,"(16,10)",0.6,3.449999999999999,intersection-19,0.00046124999999999996,1
robot-4,taking_pod,"(11,19)",0.44999999999999996,4.049999999999999,intersection-31,0.0014981249999999999,1
robot-18,taking_pod,"(13,4)",1.7999999999999996,6.150000000000004,intersection-25,0.0005099999999999999,1
robot-16,taking_pod,"(13,28)",0,7.050000000000006,intersection-49,0.002019375,1
robot-18,taking_pod,"(13,4)",9.450000000000012,10.200000000000014,intersection-13,0.0007387499999999999,0
robot-4,taking_pod,"(11,19)",10.950000000000015,11.850000000000017,intersection-37,0.0006093750000000001,0
robot-4,delivering_pod,"(4,21)",18.450000000000003,27.29999999999992,intersection-37,0.003962499999999999,0
