{
  "ticks": [
    10.050000000000013,
    20.099999999999987,
    30.149999999999892,
    40.1999999999998,
    50.2499999999997,
    60.299999999999606,
    70.34999999999981,
    80.40000000000019,
    90.45000000000057,
    100.50000000000095,
    110.55000000000133,
    120.60000000000171,
    130.65000000000208,
    140.70000000000246,
    150.75000000000284,
    160.80000000000322,
    170.8500000000036,
    180.90000000000398,
    190.95000000000437,
    201.00000000000475,
    211.05000000000513,
    221.1000000000055,
    231.1500000000059,
    241.20000000000627,
    251.25000000000665,
    261.30000000000604,
    271.3500000000045,
    281.400000000003,
    291.45000000000147,
    301.49999999999994,
    311.5499999999984,
    321.5999999999969,
    331.6499999999954,
    341.69999999999385,
    351.7499999999923,
    361.7999999999908,
    371.8499999999893,
    381.89999999998776,
    391.94999999998623,
    401.9999999999847,
    412.0499999999832,
    422.09999999998166,
    432.14999999998014,
    442.1999999999786,
    452.2499999999771,
    462.29999999997557,
    472.34999999997405,
    482.3999999999725,
    492.449999999971
  ],
  "total_energy_consumption": [
    0.08001749999999999,
    0.3014156249999998,
    0.5110050000000003,
    0.6633000000000006,
    0.7518206250000004,
    0.7968825000000004,
    0.8355443750000008,
    0.8822318750000009,
    0.9180193750000011,
    0.9639337500000013,
    0.9787043750000013,
    1.0336787500000015,
    1.0777293750000014,
    1.0911675000000012,
    1.123676875000002,
    1.1529331250000021,
    1.170576250000002,
    1.1831337500000023,
    1.2064168750000024,
    1.2372743750000021,
    1.2818456250000023,
    1.3237893750000027,
    1.3815593750000028,
    1.4174412500000035,
    1.4945406250000037,
    1.5593062500000043,
    1.6275612500000045,
    1.6852825000000047,
    1.7683362500000053,
    1.8445037500000065,
    1.9059706250000066,
    1.9643762500000066,
    2.0325037500000067,
    2.097172500000007,
    2.1523012500000074,
    2.2457025000000064,
    2.3210525000000066,
    2.409293125000006,
    2.4792856250000055,
    2.5582281250000056,
    2.6296037500000056,
    2.704196875000004,
    2.7673756250000037,
    2.856357500000003,
    2.921818125000001,
    3.0261062499999976,
    3.116120624999994,
    3.191638749999991,
    3.2529431249999896
  ],
  "avg_robot_utilization": [
    0.15091210613598696,
    0.3184079601990049,
    0.4857379767827511,
    0.6059701492537295,
    0.6781094527363163,
    0.7262023217247084,
    0.7605543710021316,
    0.7859038142620236,
    0.8059885756403176,
    0.8220563847429533,
    0.8345997286295809,
    0.8456053067993383,
    1,
    0.86218905472637,
    0.8691542288557231,
    0.8752487562189077,
    0.8806262803628928,
    0.8854063018242141,
    0.8896831631317116,
    0.8933665008291891,
    0.8968569849166883,
    0.9000301522689598,
    0.9026389790179555,
    0.9051686014372597,
    0.907628524046436,
    0.9097716545477756,
    0.9117560346416074,
    0.9134802179578305,
    0.91519986275519,
    0.9169154228855724,
    0.9184133097951099,
    0.9198175787728022,
    0.9211367405397249,
    0.9223783045556523,
    0.9233593935086463,
    0.9245623733185914,
    0.92552104343149,
    0.9266038229903106,
    0.9275460305311036,
    0.9284411276948575,
    0.9292925615823308,
    0.9300244807707483,
    0.9307994909175036,
    0.931614654002712,
    0.9323198820711244,
    0.9329944480496054,
    0.9336403090928307,
    0.9340519624101695,
    0.9346498798524369
  ],
  "avg_intersection_traffic": [
    0.26284294429956384,
    0.1559263478754289,
    0.08970092855982463,
    0.07673274796342118,
    0.06362580077734035,
    0.05270780177627259,
    0.04496825700293881,
    0.04362386162746052,
    0.03804686347146438,
    0.1023234447419639,
    0.0374233723650506,
    0.034099835341444625,
    0.03395901760127965,
    0.03225349682397706,
    0.03158442877532344,
    0.028422691268325515,
    0.026565305356379302,
    0.02489775594620231,
    0.023688901079535533,
    0.027874625984777572,
    0.028989122514980908,
    0.024943095532986112,
    0.023763489869468458,
    0.02562929753822737,
    0.02540412622562776,
    0.025065632787925837,
    0.02601346365196477,
    0.025043323786143722,
    0.03266413522891645,
    0.027290054463012015,
    0.030155448845302177,
    0.025713107542019883,
    0.02865439343989057,
    0.025972904812024314,
    0.02523444986751828,
    0.024812339645763078,
    0.02523297620388954,
    0.12614080590183094,
    0.026283999539451066,
    0.02548964853017025,
    0.02513094806590923,
    0.02477182931159486,
    0.024487232190450837,
    0.024613446115689303,
    0.02828501094503657,
    0.02597041495338732,
    0.025639217021391283,
    0.02581066508127525,
    0.02555018547233875
  ],
  "avg_intersection_wait_time": [
    2.9210526315789536,
    4.630263157894742,
    4.924939024390235,
    5.217351190476175,
    5.413113662131501,
    5.4975935374149465,
    5.57081381416201,
    5.828066860465106,
    5.844542710196773,
    5.767136590272269,
    5.766377328345434,
    5.87934085418131,
    5.926469037176314,
    5.881359322950001,
    6.208912647156821,
    6.338653004838361,
    6.34397418001532,
    6.299709706331109,
    6.281050341006033,
    6.318382839024317,
    6.227069049609884,
    6.0670347824064965,
    6.297589208798533,
    6.255881572966361,
    6.447900432900532,
    6.291982548883021,
    6.222475552225596,
    6.216132825955415,
    6.27852035574609,
    6.294760223403838,
    6.260978717169288,
    6.225567516662836,
    6.268089892768311,
    6.262176510814719,
    6.284367612453289,
    6.367238750334981,
    6.270079812205106,
    6.230929382102473,
    6.2187134287926025,
    6.226952957790411,
    6.246750080420702,
    6.217389105846039,
    6.242696009237644,
    6.259307110588945,
    6.258378448882152,
    6.283856782960619,
    6.318503351140031,
    6.200849878516474,
    6.186334646641672
  ],
  "completed_orders_count": [
    0,
    0,
    0,
    0,
    0,
    2,
    2,
    2,
    2,
    2,
    2,
    2,
    2,
    2,
    2,
    2,
    3,
    3,
    5,
    5,
    6,
    6,
    6,
    7,
    8,
    8,
    8,
    9,
    9,
    9,
    9,
    10,
    10,
    12,
    12,
    12,
    12,
    13,
    14,
    15,
    15,
    15,
    16,
    16,
    16,
    16,
    16,
    16,
    16
  ],
  "avg_intersection_congestion": [
    0.3939393939393939,
    0.3484848484848485,
    0.36363636363636365,
    0.30303030303030304,
    0.2727272727272727,
    0.24242424242424243,
    0.22727272727272727,
    0.21212121212121213,
    0.22727272727272727,
    0.21212121212121213,
    0.19696969696969696,
    0.21212121212121213,
    0.21212121212121213,
    0.21212121212121213,
    0.19696969696969696,
    0.19696969696969696,
    0.18181818181818182,
    0.16666666666666666,
    0.16666666666666666,
    0.16666666666666666,
    0.21212121212121213,
    0.19696969696969696,
    0.18181818181818182,
    0.19696969696969696,
    0.22727272727272727,
    0.21212121212121213,
    0.21212121212121213,
    0.21212121212121213,
    0.18181818181818182,
    0.22727272727272727,
    0.18181818181818182,
    0.19696969696969696,
    0.16666666666666666,
    0.19696969696969696,
    0.15151515151515152,
    0.19696969696969696,
    0.19696969696969696,
    0.18181818181818182,
    0.16666666666666666,
    0.19696969696969696,
    0.13636363636363635,
    0.19696969696969696,
    0.19696969696969696,
    0.18181818181818182,
    0.16666666666666666,
    0.16666666666666666,
    0.15151515151515152,
    0.13636363636363635,
    0.15151515151515152
  ]
}