{
  "ticks": [
    10.050000000000013,
    20.099999999999987,
    30.149999999999892,
    40.1999999999998,
    50.2499999999997,
    60.299999999999606,
    70.34999999999981,
    80.40000000000019,
    90.45000000000057,
    100.50000000000095,
    110.55000000000133,
    120.60000000000171,
    130.65000000000208,
    140.70000000000246,
    150.75000000000284,
    160.80000000000322,
    170.8500000000036,
    180.90000000000398,
    190.95000000000437,
    201.00000000000475,
    211.05000000000513,
    221.1000000000055,
    231.1500000000059,
    241.20000000000627,
    251.25000000000665,
    261.30000000000604,
    271.3500000000045,
    281.400000000003,
    291.45000000000147,
    301.49999999999994,
    311.5499999999984,
    321.5999999999969,
    331.6499999999954,
    341.69999999999385,
    351.7499999999923,
    361.7999999999908,
    371.8499999999893,
    381.89999999998776,
    391.94999999998623,
    401.9999999999847,
    412.0499999999832,
    422.09999999998166,
    432.14999999998014,
    442.1999999999786,
    452.2499999999771,
    462.29999999997557,
    472.34999999997405,
    482.3999999999725,
    492.449999999971,
    502.4999999999695,
    512.549999999968,
    522.5999999999665,
    532.649999999965,
    542.6999999999634,
    552.7499999999619,
    562.7999999999604,
    572.8499999999589,
    582.8999999999573,
    592.9499999999558,
    602.9999999999543,
    613.0499999999528,
    623.0999999999513,
    633.1499999999497,
    643.1999999999482,
    653.2499999999467,
    663.2999999999452,
    673.3499999999436,
    683.3999999999421,
    693.4499999999406,
    703.4999999999391,
    713.5499999999375,
    723.599999999936,
    733.6499999999345,
    743.699999999933,
    753.7499999999314,
    763.7999999999299,
    773.8499999999284,
    783.8999999999269,
    793.9499999999254,
    803.9999999999238,
    814.0499999999223,
    824.0999999999208,
    834.1499999999193,
    844.1999999999177,
    854.2499999999162,
    864.2999999999147,
    874.3499999999132,
    884.3999999999116,
    894.4499999999101,
    904.4999999999086,
    914.5499999999071,
    924.5999999999055,
    934.649999999904,
    944.6999999999025,
    954.749999999901,
    964.7999999998995,
    974.8499999998979,
    984.8999999998964,
    994.9499999998949
  ],
  "total_energy_consumption": [
    0.07129375,
    0.3069124999999999,
    0.519489375,
    0.6797887500000005,
    0.7938362500000001,
    0.8417925000000004,
    0.9045362500000007,
    0.9359881250000008,
    0.9697706250000011,
    1.0045218750000011,
    1.0447768750000013,
    1.0774587500000012,
    1.1010156250000014,
    1.1217493750000012,
    1.1766812500000012,
    1.2227181250000014,
    1.2477537500000015,
    1.2828300000000017,
    1.330205625000002,
    1.3658437500000025,
    1.4050837500000022,
    1.4363618750000025,
    1.4642918750000027,
    1.4969437500000027,
    1.5171793750000024,
    1.5479481250000031,
    1.5789356250000035,
    1.6097800000000035,
    1.621730625000003,
    1.6594893750000037,
    1.7241468750000044,
    1.781687500000005,
    1.8072387500000056,
    1.8440581250000059,
    1.891095625000006,
    1.9543912500000067,
    2.037319375000008,
    2.1022656250000082,
    2.153423125000008,
    2.2459906250000077,
    2.350973125000006,
    2.4368668750000064,
    2.510892500000006,
    2.611175625000005,
    2.7409987500000037,
    2.8378231250000017,
    2.9324693749999993,
    3.005309374999997,
    3.0779874999999954,
    3.1577574999999944,
    3.2437893749999915,
    3.3344943749999896,
    3.433548749999988,
    3.5130924999999857,
    3.628193749999984,
    3.7412343749999817,
    3.8711268749999808,
    3.964727499999979,
    4.070427499999977,
    4.174861249999974,
    4.293605624999972,
    4.414494374999971,
    4.511474999999967,
    4.583267499999965,
    4.662464374999964,
    4.761759999999963,
    4.83943874999996,
    4.917200624999959,
    4.983154999999956,
    5.083289999999952,
    5.174359374999948,
    5.263550624999944,
    5.342154374999941,
    5.446416249999937,
    5.527123124999934,
    5.62798999999993,
    5.739128124999926,
    5.837906874999923,
    5.943192499999916,
    6.038596249999913,
    6.11855124999991,
    6.234569374999905,
    6.334968124999902,
    6.4418049999998965,
    6.538194999999893,
    6.646046249999889,
    6.7192962499998865,
    6.828134999999881,
    6.983639999999875,
    7.092619999999871,
    7.184648749999868,
    7.269261249999864,
    7.37417374999986,
    7.4745743749998566,
    7.574852499999851,
    7.650646249999848,
    7.7466306249998444,
    7.8639737499998414,
    7.974992499999835
  ],
  "avg_robot_utilization": [
    0.15091210613598693,
    0.3184079601990049,
    0.4857379767827511,
    0.6059701492537296,
    0.6781094527363163,
    0.7262023217247083,
    0.7605543710021316,
    0.7863184079601995,
    0.8052515201768939,
    0.821393034825872,
    0.8342982059399985,
    0.8453289110005545,
    0.8546625845133327,
    0.8624259654110419,
    0.8691542288557231,
    0.874834162520732,
    0.8802360745293155,
    0.8848535102266464,
    0.8891594658287527,
    0.8930348258706485,
    0.8965411040037924,
    0.899427106889795,
    0.9023505660105288,
    0.9050304035378678,
    0.9073631840796037,
    0.9096440872560291,
    0.9117560346416075,
    0.9135986733001664,
    0.9154286041059077,
    0.9170259812050858,
    0.9186272936393297,
    0.9201285240464341,
    0.9212372481029188,
    0.9225734074724409,
    0.9237384506041213,
    0.9249309010503032,
    0.92605889471561,
    0.9270402374094431,
    0.927971254836925,
    0.9288557213930333,
    0.9296970432390876,
    0.9304983021400918,
    0.9311080257626578,
    0.9317654153475032,
    0.932540998710152,
    0.9331386545533187,
    0.9337814473730608,
    0.9344665561083452,
    0.9349883236876821,
    0.9355555555555537,
    0.9361655773420461,
    0.936752136752135,
    0.9372539816640052,
    0.9376758184386689,
    0.9381426202321703,
    0.9385927505330464,
    0.9389688981990612,
    0.9393892605935819,
    0.9396829412260708,
    0.9399668325041443,
    0.9404045347035297,
    0.9407746215160735,
    0.9410803127221016,
    0.9414282752902131,
    0.9417655313177683,
    0.9420925674656998,
    0.9424593450657142,
    0.9426690079016671,
    0.9429687312231096,
    0.9433072731580174,
    0.9435895639174995,
    0.9437718813340683,
    0.9439946386787503,
    0.9442561964950007,
    0.9444665561083452,
    0.9447586628262179,
    0.9450001076866736,
    0.9452353616532697,
    0.9454226756512768,
    0.9456467661691521,
    0.9458243760620745,
    0.9460785503377399,
    0.9462866390936865,
    0.9464502882413312,
    0.9466100868207962,
    0.9468047360098711,
    0.9468805398295843,
    0.9471053821800066,
    0.947287905044066,
    0.9474663718444795,
    0.9476773640952728,
    0.9478837695580055,
    0.9480500722195455,
    0.9481775519565275,
    0.948302347909573,
    0.9484245439469299,
    0.9485784137730568,
    0.9487629877821755,
    0.9489103305023685
  ],