{
  "ticks": [
    10.050000000000013,
    20.099999999999987,
    30.149999999999892
  ],
  "total_energy_consumption": [
    0.071763125,
    0.3118743749999999,
    0.5420300000000003
  ],
  "avg_robot_utilization": [
    0.15091210613598696,
    0.3184079601990049,
    0.4857379767827512
  ],
  "avg_intersection_traffic": [
    0.12985050357008446,
    0.19889223111438933,
    0.10325468757571529
  ],
  "avg_intersection_wait_time": [
    3.0230769230769283,
    4.880487804878052,
    5.087055555555546
  ],
  "completed_orders_count": [
    0,
    0,
    0
  ],
  "avg_intersection_congestion": [
    0.4090909090909091,
    0.42424242424242425,
    0.3484848484848485
  ]
}