{
  "ticks": [
    10.050000000000013,
    20.099999999999987,
    30.149999999999892,
    40.1999999999998,
    50.2499999999997,
    60.299999999999606,
    70.34999999999981,
    80.40000000000019,
    90.45000000000057,
    100.50000000000095,
    110.55000000000133
  ],
  "total_energy_consumption": [
    0.09906375000000002,
    0.3765006249999999,
    0.6322893750000004,
    0.8062262500000003,
    0.9087350000000002,
    0.9423393750000003,
    0.9829450000000007,
    0.9986437500000009,
    1.031683750000001,
    1.0653143750000007,
    1.1103625000000006
  ],
  "avg_robot_utilization": [
    -0.4761194029850729,
    0.24527363184079573,
    0.4857379767827512,
    0.6059701492537295,
    0.6781094527363163,
    0.7262023217247084,
    0.7605543710021316,
    0.7863184079601995,
    0.8063571033720294,
    0.8223880597014939,
    0.8352027740087457
  ],
  "avg_intersection_traffic": [
    0.2610092813442089,
    0.15556474085777167,
    0.11702088796349158,
    0.09327656454116662,
    0.07381342050653272,
    0.060024031368671064,
    0.05117669130727163,
    0.04453183639200619,
    0.04669665362251683,
    0.04067501949098844,
    0.03850016334750281
  ],
  "avg_intersection_wait_time": [
    2.928571428571434,
    4.27164634146342,
    4.591174603174592,
    4.639451621073945,
    4.68277309569861,
    4.858380307635608,
    5.085776926973715,
    5.1274898682877215,
    5.280531374007928,
    5.321095447919428,
    5.200069139194147
  ],
  "completed_orders_count": [
    0,
    0,
    0,
    0,
    0,
    1,
    1,
    1,
    1,
    1,
    1
  ],
  "avg_intersection_congestion": [
    0.4090909090909091,
    0.3939393939393939,
    0.3333333333333333,
    0.2878787878787879,
    0.2878787878787879,
    0.22727272727272727,
    0.18181818181818182,
    0.18181818181818182,
    0.18181818181818182,
    0.18181818181818182,
    0.16666666666666666
  ]
}