{
  "ticks": [
    10.050000000000013,
    20.099999999999987,
    30.149999999999892,
    40.1999999999998
  ],
  "total_energy_consumption": [
    0.06438187499999998,
    0.22916874999999992,
    0.47191875,
    0.6200112500000002
  ],
  "avg_robot_utilization": [
    0.15091210613598693,
    0.3184079601990049,
    0.4857379767827511,
    0.6059701492537295
  ],
  "avg_intersection_traffic": [
    0.10068679882771019,
    0.14273886069872918,
    0.13211089675406065,
    0.09021039451258427
  ],
  "avg_intersection_wait_time": [
    3.8500000000000068,
    6.525714285714292,
    6.517031249999981,
    6.7107626488094985
  ],
  "completed_orders_count": [
    0,
    0,
    0,
    0
  ],
  "avg_intersection_congestion": [
    0.4090909090909091,
    0.45454545454545453,
    0.42424242424242425,
    0.36363636363636365
  ]
}