robot_name,robot_state,robot_destination,intersection_start_time,intersection_finish_time,intersection_id,energy_consumption_intersection,queueing_robot
robot-10,taking_pod,"(24,11)",1.3499999999999999,2.3999999999999995,intersection-19,0.00046124999999999996,2
robot-1,taking_pod,"(17,2)",0.15,2.999999999999999,intersection-1,0.0005099999999999999,2
robot-1,taking_pod,"(17,2)",2.999999999999999,3.8999999999999986,intersection-7,0.000598125,1
robot-2,taking_pod,"(12,23)",3.8999999999999986,4.950000000000001,intersection-13,0.0005099999999999999,2
robot-16,taking_pod,"(10,2)",1.9499999999999995,5.5500000000000025,intersection-1,0.0014981249999999999,1
