robot_name,robot_state,robot_destination,intersection_start_time,intersection_finish_time,intersection_id,energy_consumption_intersection,queueing_robot
robot-10,taking_pod,"(12,2)",0.9,3.7499999999999987,intersection-1,0.0005099999999999999,1
robot-14,taking_pod,"(11,20)",4.049999999999999,4.800000000000001,intersection-37,0.0008287499999999998,0
robot-20,taking_pod,"(12,8)",0.6,4.950000000000001,intersection-25,0.0005099999999999999,1
robot-15,taking_pod,"(11,7)",5.250000000000002,6.0000000000000036,intersection-7,0.0008924999999999998,0
robot-3,taking_pod,"(10,25)",3.8999999999999986,10.500000000000014,intersection-49,0.001381875,0
robot-15,taking_pod,"(11,7)",11.400000000000016,12.300000000000018,intersection-13,0.000598125,0
robot-15,delivering_pod,"(4,15)",18.9,27.749999999999915,intersection-13,0.003962499999999999,0
