robot_name,robot_state,robot_destination,intersection_start_time,intersection_finish_time,intersection_id,energy_consumption_intersection,queueing_robot
robot-8,taking_pod,"(12,13)",2.999999999999999,9.600000000000012,intersection-25,0.001381875,0
robot-2,taking_pod,"(20,14)",9.600000000000012,10.350000000000014,intersection-55,0.0008287499999999998,0
robot-2,taking_pod,"(20,14)",13.650000000000022,14.250000000000023,intersection-43,0.0006693749999999998,0
robot-19,delivering_pod,"(4,15)",7.950000000000008,16.80000000000002,intersection-13,0.003962499999999999,0
robot-4,taking_pod,"(20,13)",18.000000000000007,21.299999999999976,intersection-43,0.00067875,1
robot-14,taking_pod,"(19,23)",20.99999999999998,21.599999999999973,intersection-43,0.0006693749999999998,0
robot-8,delivering_pod,"(4,15)",16.200000000000024,24.299999999999947,intersection-25,0.002975624999999998,0
robot-16,taking_pod,"(22,2)",31.049999999999883,31.649999999999878,intersection-1,0.0006693749999999998,0
robot-16,delivering_pod,"(4,21)",50.3999999999997,54.44999999999966,intersection-7,0.0057375,2
