robot_name,robot_state,robot_destination,intersection_start_time,intersection_finish_time,intersection_id,energy_consumption_intersection,queueing_robot
robot-17,taking_pod,"(22,5)",1.6499999999999997,2.6999999999999993,intersection-7,0.00046124999999999996,1
robot-19,taking_pod,"(11,20)",2.849999999999999,3.5999999999999988,intersection-37,0.0008287499999999998,0
robot-6,taking_pod,"(31,25)",2.0999999999999996,6.450000000000005,intersection-55,0.00046124999999999996,1
robot-2,taking_pod,"(36,19)",7.800000000000008,8.40000000000001,intersection-25,0.0006693749999999998,0
robot-16,taking_pod,"(18,17)",1.7999999999999996,8.85000000000001,intersection-43,0.002019375,1
