robot_name,robot_state,robot_destination,intersection_start_time,intersection_finish_time,intersection_id,energy_consumption_intersection,queueing_robot
robot-18,taking_pod,"(12,8)",0.3,3.149999999999999,intersection-7,0.0005099999999999999,1
robot-14,taking_pod,"(12,2)",2.2499999999999996,6.600000000000005,intersection-61,0.0005099999999999999,1
robot-18,taking_pod,"(12,8)",7.950000000000008,8.70000000000001,intersection-13,0.0006749999999999999,0
robot-11,delivering_pod,"(4,21)",8.70000000000001,16.80000000000002,intersection-37,0.002975624999999998,0
robot-6,delivering_pod,"(4,9)",14.250000000000023,18.300000000000004,intersection-37,0.001576875,0
robot-17,delivering_pod,"(4,21)",19.049999999999997,23.09999999999996,intersection-31,0.00580125,3
robot-12,taking_pod,"(11,5)",43.649999999999764,44.24999999999976,intersection-7,0.0006693749999999998,1
robot-12,delivering_pod,"(4,15)",53.099999999999675,61.94999999999959,intersection-13,0.003962499999999999,0
robot-1,delivering_pod,"(4,15)",40.0499999999998,63.749999999999574,intersection-7,0.005673749999999999,2
