robot_name,robot_state,robot_destination,intersection_start_time,intersection_finish_time,intersection_id,energy_consumption_intersection,queueing_robot
robot-7,taking_pod,"(12,2)",7.200000000000006,7.950000000000008,intersection-1,0.0008924999999999998,0
robot-19,taking_pod,"(12,8)",8.85000000000001,9.600000000000012,intersection-25,0.0008287499999999998,0
robot-2,delivering_pod,"(4,21)",10.650000000000015,14.700000000000024,intersection-37,0.001666875,0
robot-13,taking_pod,"(13,28)",8.40000000000001,15.900000000000027,intersection-55,0.001545,0
robot-11,taking_pod,"(11,7)",9.450000000000012,16.050000000000026,intersection-13,0.0013431250000000001,0
robot-8,taking_pod,"(13,4)",24.14999999999995,28.19999999999991,intersection-19,0.0015131250000000001,1
robot-11,delivering_pod,"(4,9)",23.399999999999956,32.24999999999987,intersection-13,0.003962499999999999,1
