robot_name,robot_state,robot_destination,intersection_start_time,intersection_finish_time,intersection_id,energy_consumption_intersection,queueing_robot
robot-10,taking_pod,"(12,8)",6.450000000000005,7.200000000000006,intersection-25,0.0008287499999999998,0
robot-2,taking_pod,"(16,19)",7.500000000000007,8.250000000000009,intersection-55,0.0008924999999999998,0
robot-2,taking_pod,"(16,19)",11.550000000000017,12.150000000000018,intersection-43,0.0005793749999999999,0
robot-9,delivering_pod,"(4,9)",9.450000000000012,18.300000000000004,intersection-13,0.003962499999999999,0
robot-1,delivering_pod,"(4,15)",28.949999999999903,32.849999999999866,intersection-7,0.005578125,2
robot-7,taking_pod,"(12,2)",5.100000000000001,35.099999999999845,intersection-7,0.000661875,1
robot-15,taking_pod,"(17,28)",39.7499999999998,43.79999999999976,intersection-49,0.001513125,0
robot-15,taking_pod,"(17,28)",49.19999999999971,50.0999999999997,intersection-55,0.0006093750000000001,1
