robot_name,robot_state,robot_destination,intersection_start_time,intersection_finish_time,intersection_id,energy_consumption_intersection,queueing_robot
robot-20,taking_pod,"(17,23)",0.15,2.999999999999999,intersection-37,0.0005099999999999999,1
robot-11,taking_pod,"(13,20)",4.950000000000001,5.5500000000000025,intersection-31,0.0005793749999999999,0
robot-20,taking_pod,"(17,23)",7.200000000000006,7.950000000000008,intersection-43,0.0006749999999999999,0
robot-1,taking_pod,"(11,20)",8.70000000000001,9.300000000000011,intersection-37,0.0005793749999999999,0
robot-19,taking_pod,"(11,7)",8.85000000000001,9.750000000000012,intersection-13,0.000598125,0
