robot_name,robot_state,robot_destination,intersection_start_time,intersection_finish_time,intersection_id,energy_consumption_intersection,queueing_robot
robot-17,taking_pod,"(11,19)",6.600000000000005,7.500000000000007,intersection-37,0.000598125,0
robot-19,taking_pod,"(12,2)",4.65,11.250000000000016,intersection-7,0.001381875,0
robot-9,taking_pod,"(16,19)",17.85000000000001,18.75,intersection-37,0.0006468750000000001,0
robot-17,delivering_pod,"(4,15)",14.100000000000023,22.94999999999996,intersection-37,0.003962499999999999,0
robot-17,delivering_pod,"(4,15)",22.94999999999996,27.749999999999915,intersection-31,0.0021374999999999996,1
robot-9,delivering_pod,"(4,15)",25.349999999999937,29.3999999999999,intersection-37,0.001666875,0
