robot_name,robot_state,robot_destination,intersection_start_time,intersection_finish_time,intersection_id,energy_consumption_intersection,queueing_robot
robot-1,taking_pod,"(17,28)",2.5499999999999994,3.5999999999999988,intersection-55,0.00046124999999999996,2
robot-9,taking_pod,"(23,25)",2.0999999999999996,6.450000000000005,intersection-55,0.00046124999999999996,1
robot-4,taking_pod,"(19,16)",1.3499999999999999,7.500000000000007,intersection-19,0.001213125,1
robot-20,taking_pod,"(25,28)",10.350000000000014,11.100000000000016,intersection-55,0.0008924999999999998,0
robot-4,taking_pod,"(19,16)",10.950000000000015,11.700000000000017,intersection-31,0.0005087500000000001,0
robot-17,delivering_pod,"(4,15)",13.20000000000002,22.04999999999997,intersection-13,0.003962499999999999,0
robot-2,delivering_pod,"(4,15)",17.400000000000013,26.24999999999993,intersection-13,0.003923749999999999,0
