controller_name,total_energy_consumption,avg_order_processing_time,completed_orders_count,total_completion_time,avg_robot_utilization,total_stop_and_go,avg_intersection_wait_time,avg_intersection_traffic,max_intersection_traffic,avg_intersection_congestion,max_intersection_congestion
nerl,0.6518175000000007,0,0,36.299999999999834,0.5672176308539928,140,5.38787698412697,0.08827790588401142,0.3354297693920361,0.3333333333333333,7
nerl,3.31783374999999,293.05882352941177,17,494,0.9351013884726782,1390,6.182955294721035,0.02568281050346637,0.1313529352329069,0.16666666666666666,2
nerl,8.012036874999835,382.13513513513516,37,985,0.9490088289188722,2884,5.9096822121329,0.07715235756724403,3.3333333333338384,0.15151515151515152,3
nerl,3.613159374999995,384.0,20,580,1,1491,5.646386799963841,0.021936042854839233,0.10296684118674411,0.22727272727272727,5
nerl,8.347915624999825,456.0851063829787,47,1167,0.9511099755862145,3378,5.834596282081051,0.023991534908390802,0.1296248605030495,0.12121212121212122,2
nerl,8.347915624999825,456.0851063829787,47,1167,0.9511099755862145,3378,5.834596282081051,0.023991534908390802,0.1296248605030495,0.12121212121212122,2
nerl,93.48346875001711,415.11583924349884,423,12969,1,35672,7.337049178769034,0.02364858865223955,0.13611265346433254,0.15151515151515152,1
