robot_name,robot_state,robot_destination,intersection_start_time,intersection_finish_time,intersection_id,energy_consumption_intersection,queueing_robot
robot-16,taking_pod,"(10,26)",0.15,1.2,intersection-49,0.00046124999999999996,1
robot-20,taking_pod,"(29,16)",2.849999999999999,7.200000000000006,intersection-43,0.00046124999999999996,1
robot-3,taking_pod,"(11,20)",4.65,8.70000000000001,intersection-37,0.001281875,1
robot-2,taking_pod,"(11,7)",4.800000000000001,8.85000000000001,intersection-13,0.001233125,1
robot-14,taking_pod,"(11,8)",10.350000000000014,10.950000000000015,intersection-25,0.0006693749999999998,0
robot-4,delivering_pod,"(4,9)",10.050000000000013,16.65000000000002,intersection-31,0.00546,0
