robot_name,robot_state,robot_destination,intersection_start_time,intersection_finish_time,intersection_id,energy_consumption_intersection,queueing_robot
robot-3,taking_pod,"(20,13)",0.44999999999999996,1.4999999999999998,intersection-19,0.00046124999999999996,1
robot-5,taking_pod,"(31,25)",2.5499999999999994,6.900000000000006,intersection-55,0.00046124999999999996,1
robot-7,taking_pod,"(24,10)",5.700000000000003,10.350000000000014,intersection-55,0.0025593749999999996,0
robot-16,delivering_pod,"(4,15)",8.55000000000001,16.050000000000026,intersection-49,0.002188125,2
robot-6,delivering_pod,"(4,15)",18.000000000000007,23.99999999999995,intersection-31,0.004567499999999999,0
robot-19,delivering_pod,"(4,15)",18.150000000000006,26.999999999999922,intersection-13,0.003962499999999999,0
