robot_name,robot_state,robot_destination,intersection_start_time,intersection_finish_time,intersection_id,energy_consumption_intersection,queueing_robot
robot-6,taking_pod,"(16,4)",1.7999999999999996,7.950000000000008,intersection-7,0.001164375,1
robot-10,taking_pod,"(20,4)",10.650000000000015,11.550000000000017,intersection-7,0.0006093750000000001,0
robot-18,delivering_pod,"(4,21)",10.200000000000014,15.600000000000026,intersection-43,0.0036749999999999986,0
robot-6,delivering_pod,"(4,9)",13.05000000000002,19.64999999999999,intersection-7,0.001381875,1
robot-16,delivering_pod,"(4,21)",24.749999999999943,33.59999999999986,intersection-37,0.003962499999999999,0
robot-13,taking_pod,"(20,11)",33.89999999999986,34.64999999999985,intersection-19,0.0006749999999999999,2
robot-8,delivering_pod,"(4,9)",28.049999999999912,36.89999999999983,intersection-13,0.003962499999999999,0
robot-16,delivering_pod,"(4,21)",33.59999999999986,38.399999999999814,intersection-31,0.0021374999999999996,2
robot-8,delivering_pod,"(4,9)",36.89999999999983,41.84999999999978,intersection-7,0.0021943749999999997,2
